scrobbles,st_poslusalcev,dolzina,prvi_zanr,drugi_zanr,tretji_zanr,naslov,izvajalec
19.8M,2.4M,4:47,grunge,rock,alternative,Smells Like Teen Spirit,Nirvana
16.8M,2M,4:18,britpop,rock,90s,Wonderwall,Oasis
10.6M,1.5M,5:09,rock,alternative,90s,Zombie,The Cranberries
11.2M,1.3M,10:58,classic+rock,rock,70s,Stairway to Heaven,Led Zeppelin
14.5M,1.8M,5:30,rock,alternative+rock,alternative,Californication,Red Hot Chili Peppers
14.7M,1.8M,3:18,rock,indie+rock,indie,Somebody Told Me,The Killers
16.8M,2.1M,3:39,grunge,rock,90s,Come as You Are,Nirvana
10.3M,1.5M,5:56,classic+rock,rock,queen,Bohemian Rhapsody,Queen
9.1M,1.3M,4:21,rock,punk+rock,green+day,Boulevard of Broken Dreams,Green Day
10.5M,1.4M,4:43,rock,alternative+rock,alternative,Dani California,Red Hot Chili Peppers
14.6M,1.8M,3:51,rock,alternative+rock,alternative,Seven Nation Army,The White Stripes
11.3M,1.6M,5:55,rock,hard+rock,classic+rock,Sweet Child o&#39; Mine,Guns N&#39; Roses
6.9M,1M,4:56,rock,80s,classic+rock,With or Without You,U2
10.1M,1.5M,2:02,rock,britpop,90s,Song 2,Blur
13M,1.8M,4:24,rock,alternative,alternative+rock,Under the Bridge,Red Hot Chili Peppers
14.1M,1.5M,4:14,alternative+rock,rock,alternative,Starlight,Muse
17.9M,1.9M,4:04,alternative,rock,coldplay,Viva la Vida,Coldplay
10.2M,1.3M,3:57,rock,gothic+rock,evanescence,Bring Me to Life,Evanescence
16M,1.6M,3:30,alternative+rock,rock,alternative,Supermassive Black Hole,Muse
14.4M,1.9M,3:57,indie,indie+rock,rock,Take Me Out,Franz Ferdinand
11.8M,1.4M,4:29,rock,alternative+rock,alternative,The Pretender,Foo Fighters
6.7M,1.1M,4:05,rock,u2,alternative,Beautiful Day,U2
8.4M,1.3M,4:12,classic+rock,rock,60s,Paint It Black,The Rolling Stones
13.1M,1.8M,5:07,rock,alternative,coldplay,Clocks,Coldplay
7.6M,1.1M,8:57,rock,hard+rock,classic+rock,November Rain,Guns N&#39; Roses
7.4M,1.2M,6:30,classic+rock,70s,eagles,Hotel California,Eagles
7M,1.1M,3:43,rock,alternative+rock,nickelback,How You Remind Me,Nickelback
10.3M,1.4M,4:50,rock,alternative+rock,90s,Iris,Goo Goo Dolls
18M,2M,3:56,alternative,alternative+rock,rock,Creep,Radiohead
16.9M,1.7M,3:25,rock,indie+rock,alternative,Sex on Fire,Kings of Leon
12M,1.3M,3:56,alternative+rock,rock,alternative,Time Is Running Out,Muse
9.3M,1.4M,4:31,hard+rock,rock,80s,Welcome to the Jungle,Guns N&#39; Roses
4.8M,977.4K,8:05,classic+rock,hard+rock,rock,Smoke on the Water,Deep Purple
13M,1.5M,9:09,rock,alternative+rock,90s,Everlong,Foo Fighters
12.6M,1.5M,4:41,rock,indie+rock,indie,When You Were Young,The Killers
7.9M,1.2M,3:57,rock,alternative+rock,3+doors+down,Here Without You,3 Doors Down
8.2M,1.2M,3:56,rock,alternative+rock,3+doors+down,Kryptonite,3 Doors Down
25.3M,2.3M,3:46,rock,indie,indie+rock,Mr. Brightside,The Killers
15.4M,1.7M,3:36,rock,nu+metal,alternative+rock,In the End,Linkin Park
9.4M,1.2M,5:50,classic+rock,rock,80s,Sultans of Swing,Dire Straits
17.2M,1.9M,4:21,alternative,alternative+rock,rock,Karma Police,Radiohead
12.4M,1.5M,4:15,rock,alternative+rock,alternative,Otherside,Red Hot Chili Peppers
10.5M,1.4M,4:45,rock,90s,alternative+rock,Losing My Religion,R.E.M.
5.7M,1.1M,3:14,classic+rock,rock,queen,We Will Rock You,Queen
5.1M,887.5K,4:59,rock,classic+rock,aerosmith,I Don&#39;t Want to Miss a Thing,Aerosmith
5.5M,916.9K,4:36,rock,u2,classic+rock,One,U2
7M,1.2M,3:35,rock,indie+rock,alternative+rock,Are You Gonna Be My Girl,Jet
8.3M,1.3M,6:46,hard+rock,rock,classic+rock,Paradise City,Guns N&#39; Roses
11.8M,1.7M,4:17,grunge,rock,90s,Lithium,Nirvana
4M,717.9K,4:44,rock,80s,classic+rock,Sunday Bloody Sunday,U2
12.1M,1.3M,3:47,alternative+rock,rock,progressive+rock,Hysteria,Muse
8.4M,1M,4:24,rock,female+vocalists,gothic,My Immortal,Evanescence
12.2M,1.6M,3:37,rock,alternative+rock,alternative,Scar Tissue,Red Hot Chili Peppers
7.8M,1.1M,4:50,classic+rock,rock,hard+rock,Dream On,Aerosmith
15.4M,1.9M,4:26,rock,alternative,coldplay,Yellow,Coldplay
16.7M,1.9M,5:09,rock,alternative,coldplay,The Scientist,Coldplay
3.5M,652.8K,3:13,rock,u2,irish,Vertigo,U2
9.8M,1.1M,3:25,rock,alternative+rock,linkin+park,What I&#39;ve Done,Linkin Park
10.3M,1.4M,5:13,rock,alternative+rock,metal,Killing in the Name,Rage Against the Machine
9.3M,1.2M,3:26,hard+rock,classic+rock,rock,Highway to Hell,AC/DC
13.7M,1.5M,3:06,rock,nu+metal,alternative+rock,Numb,Linkin Park
13.5M,1.5M,3:51,rock,indie+rock,alternative,Use Somebody,Kings of Leon
10.2M,1.1M,6:37,alternative+rock,rock,epic,Knights of Cydonia,Muse
13.1M,1.3M,5:16,progressive+rock,classic+rock,psychedelic+rock,Wish You Were Here,Pink Floyd
12M,1.3M,5:52,metal,heavy+metal,rock,Nothing Else Matters,Metallica
6.1M,1M,4:59,classic+rock,rock,70s,Baba O&#39;Riley,The Who
9.4M,1.3M,3:36,rock,alternative+rock,alternative,By the Way,Red Hot Chili Peppers
4.5M,790.6K,4:15,rock,nickelback,alternative+rock,Rockstar,Nickelback
7M,1.1M,3:52,rock,alternative+rock,alternative,The Reason,Hoobastank
7.8M,1.2M,5:18,grunge,90s,rock,Black Hole Sun,Soundgarden
9.4M,1.3M,4:28,hard+rock,classic+rock,rock,Back in Black,AC/DC
9.8M,1.3M,7:45,rock,stoner+rock,alternative+rock,No One Knows,Queens of the Stone Age
5.1M,842.6K,4:02,rock,classic+rock,80s,Money for Nothing,Dire Straits
6.5M,1.1M,3:34,classic+rock,rock,80s,Another One Bites the Dust,Queen
6.2M,1.1M,4:05,80s,rock,classic+rock,Eye of the Tiger,Survivor
12.6M,1.6M,8:00,indie,alternative,rock,Chasing Cars,Snow Patrol
7.4M,1.2M,4:13,80s,rock,classic+rock,Every Breath You Take,The Police
8.7M,1.2M,4:48,britpop,rock,90s,Don&#39;t Look Back in Anger,Oasis
7.3M,1.2M,6:25,classic+rock,southern+rock,70s,Sweet Home Alabama,Lynyrd Skynyrd
7.5M,1.2M,3:58,rock,alternative+rock,grunge,Learn to Fly,Foo Fighters
8.6M,869.5K,3:51,alternative+rock,rock,alternative,The Kill,30 Seconds to Mars
15M,1.7M,4:55,alternative,rock,coldplay,Fix You,Coldplay
4.8M,828K,6:38,rock,classic+rock,80s,I Still Haven&#39;t Found What I&#39;m Looking For,U2
9.3M,1.3M,5:02,rock,alternative+rock,grunge,Best of You,Foo Fighters
5.5M,1M,5:24,classic+rock,rock,60s,Sympathy for the Devil,The Rolling Stones
5.3M,873.7K,5:36,rock,hard+rock,classic+rock,Knockin&#39; on Heaven&#39;s Door,Guns N&#39; Roses
7.1M,1.1M,4:23,90s,rock,pop,Don&#39;t Speak,No Doubt
3.9M,719K,5:16,rock,classic+rock,hard+rock,Crazy,Aerosmith
9.8M,1.4M,2:47,heavy+metal,classic+rock,hard+rock,Paranoid,Black Sabbath
5.1M,790.6K,3:44,rock,hard+rock,classic+rock,It&#39;s My Life,Bon Jovi
3.6M,724.1K,3:41,rock,90s,alternative+rock,Fly Away,Lenny Kravitz
3.5M,618.9K,3:38,rock,alternative+rock,nickelback,If Everyone Cared,Nickelback
3.1M,569.1K,4:47,rock,classic+rock,80s,Where the Streets Have No Name,U2
8.3M,1.1M,3:51,alternative+rock,rock,alternative,I Hate Everything About You,Three Days Grace
6.5M,1.1M,4:46,classic+rock,rock,70s,More Than a Feeling,Boston
6.8M,1.1M,6:50,classic+rock,psychedelic+rock,60s,Light My Fire,The Doors
6.2M,838K,3:33,gothic+rock,rock,female+vocalists,Going Under,Evanescence
4.5M,699.8K,4:23,classic+rock,rock,queen,The Show Must Go On,Queen
5.3M,886.9K,4:30,rock,alternative,nu+metal,Behind Blue Eyes,Limp Bizkit
5.3M,783.7K,5:10,classic+rock,rock,80s,Wind of Change,Scorpions
7.2M,1.1M,5:31,grunge,rock,90s,Alive,Pearl Jam
7.7M,1.1M,4:12,rock,80s,classic+rock,Livin&#39; on a Prayer,Bon Jovi
6.1M,751.3K,4:07,alternative+rock,rock,30+seconds+to+mars,From Yesterday,30 Seconds to Mars
7.5M,1.1M,3:58,classic+rock,rock,60s,All Along the Watchtower,Jimi Hendrix
13.6M,1.3M,3:31,rock,pop+punk,female+vocalists,Misery Business,Paramore
4.4M,661.8K,6:57,classic+rock,rock,80s,Brothers in Arms,Dire Straits
8.3M,1.2M,2:49,grunge,rock,90s,Rape Me,Nirvana
6.3M,925.1K,3:52,punk+rock,rock,punk,Holiday,Green Day
5.2M,971.1K,3:00,rock,classic+rock,80s,Roxanne,The Police
7.2M,825.2K,3:34,rock,alternative+rock,alternative,Every You Every Me,Placebo
4.7M,888.8K,4:05,classic+rock,rock,queen,We Are the Champions,Queen
4.8M,808.3K,4:39,rock,alternative+rock,audioslave,Be Yourself,Audioslave
6.8M,1M,4:54,alternative+rock,rock,grunge,Like a Stone,Audioslave
7.8M,1.1M,3:29,classic+rock,rock,queen,Don&#39;t Stop Me Now,Queen
4.3M,837.6K,4:36,rock,80s,classic+rock,Message in a Bottle,The Police
7.7M,1M,5:34,rock,alternative+rock,alternative,Snow (Hey Oh),Red Hot Chili Peppers
9.7M,1.1M,2:42,nu+metal,rock,linkin+park,Faint,Linkin Park
8.5M,1.1M,3:50,alternative,rock,coldplay,Violet Hill,Coldplay
5.1M,1.1M,4:08,classic+rock,60s,blues+rock,Sunshine of Your Love,Cream
4.5M,874.6K,3:58,80s,rock,hard+rock,The Final Countdown,Europe
6.9M,1.1M,2:10,classic+rock,psychedelic+rock,60s,People Are Strange,The Doors
7.3M,1M,2:26,classic+rock,hard+rock,rock,Immigrant Song,Led Zeppelin
6.6M,1M,3:23,indie,indie+rock,rock,Ruby,Kaiser Chiefs
9.4M,1.1M,5:11,rock,alternative,punk+rock,Welcome to the Black Parade,My Chemical Romance
12.8M,1.5M,6:23,alternative+rock,alternative,rock,Paranoid Android,Radiohead
7.3M,976.3K,3:54,hard+rock,classic+rock,rock,You Shook Me All Night Long,AC/DC
4.4M,795.2K,3:35,rock,80s,classic+rock,Summer of &#39;69,Bryan Adams
6.4M,942.3K,3:06,classic+rock,hard+rock,rock,Whole Lotta Love,Led Zeppelin
7.3M,1.1M,4:28,alternative+rock,90s,rock,1979,The Smashing Pumpkins
7M,1M,4:21,classic+rock,rock,60s,Come Together,The Beatles
6.5M,1M,4:23,rock,alternative+rock,grunge,All My Life,Foo Fighters
9.4M,1.3M,5:02,rock,indie+rock,indie,All These Things That I&#39;ve Done,The Killers
7.8M,1.1M,4:48,alternative,rock,britpop,Speed of Sound,Coldplay
2.9M,581.2K,3:48,rock,80s,classic+rock,Pride (in the Name of Love),U2
9.7M,1M,6:49,progressive+rock,classic+rock,psychedelic+rock,Comfortably Numb,Pink Floyd
8.8M,1.2M,2:54,punk+rock,rock,punk,American Idiot,Green Day
6.3M,1M,7:14,classic+rock,psychedelic+rock,rock,Riders on the Storm,The Doors
9.3M,1.1M,2:48,alternative+metal,rock,metal,Lonely Day,System of a Down
9.9M,1.3M,5:58,britpop,90s,alternative,Bitter Sweet Symphony,The Verve
8.5M,1.2M,3:55,indie+rock,rock,indie,Smile Like You Mean It,The Killers
7.3M,1.1M,4:30,classic+rock,rock,60s,Gimme Shelter,The Rolling Stones
3.5M,774.4K,3:23,classic+rock,60s,rock,My Generation,The Who
7.4M,1.3M,4:15,grunge,rock,90s,In Bloom,Nirvana
3.9M,775K,3:28,classic+rock,rock,60s,Born to Be Wild,Steppenwolf
10.5M,1.3M,4:29,rock,alternative+rock,funk,Can&#39;t Stop,Red Hot Chili Peppers
6.2M,759K,3:10,alternative+rock,rock,alternative,The Bitter End,Placebo
4.8M,694.3K,4:27,hard+rock,rock,classic+rock,Poison,Alice Cooper
7.2M,993.4K,4:01,classic+rock,60s,rock,Let It Be,The Beatles
4.9M,727.1K,4:08,rock,comedy,alternative+rock,Tribute,Tenacious D
5.2M,865.7K,3:04,classic+rock,70s,john+lennon,Imagine,John Lennon
5.8M,906K,4:40,rock,classic+rock,punk,The Passenger,Iggy Pop
5.8M,936.3K,3:40,rock,80s,hard+rock,You Give Love a Bad Name,Bon Jovi
6.8M,927.2K,4:53,hard+rock,rock,classic+rock,Thunderstruck,AC/DC
8.4M,1.1M,6:24,progressive+rock,classic+rock,rock,Money,Pink Floyd
5.6M,942.8K,3:00,classic+rock,rock,70s,Killer Queen,Queen
3.3M,622.5K,5:11,rock,classic+rock,hard+rock,Cryin&#39;,Aerosmith
4.8M,753.1K,9:41,classic+rock,hard+rock,rock,Kashmir,Led Zeppelin
3.8M,539K,4:44,rock,hard+rock,classic+rock,Don&#39;t Cry,Guns N&#39; Roses
2.9M,642.7K,3:30,rock,90s,funk,Are You Gonna Go My Way,Lenny Kravitz
5.1M,842.8K,3:29,cover,rock,alternative+rock,Smooth Criminal,Alien Ant Farm
7.1M,1.1M,4:19,rock,alternative+rock,grunge,My Hero,Foo Fighters
5.5M,1.1M,2:42,classic+rock,rock,psychedelic,Purple Haze,Jimi Hendrix
3.3M,691K,4:04,80s,rock,hard+rock,Jump,Van Halen
8.2M,938.2K,3:40,alternative+rock,rock,alternative,Plug In Baby,Muse
6.3M,854.8K,3:51,alternative+rock,rock,hard+rock,Animal I Have Become,Three Days Grace
4.6M,734.7K,3:28,rock,alternative+rock,the+calling,Wherever You Will Go,The Calling
8.5M,1.3M,2:28,grunge,rock,alternative,About a Girl,Nirvana
5.7M,937.6K,7:27,britpop,rock,90s,Champagne Supernova,Oasis
8M,1.1M,4:03,rock,indie+rock,indie,Read My Mind,The Killers
2.6M,503.7K,4:17,rock,80s,classic+rock,New Year&#39;s Day,U2
4.2M,591.3K,3:34,rock,gothic+rock,female+vocalists,Call Me When You&#39;re Sober,Evanescence
5.9M,900.8K,4:55,classic+rock,hard+rock,rock,Black Dog,Led Zeppelin
13.5M,1.4M,2:53,indie+rock,indie,british,I Bet You Look Good on the Dancefloor,Arctic Monkeys
4.7M,789.1K,4:07,classic+rock,rock,80s,Walk of Life,Dire Straits
3.7M,711.3K,2:44,classic+rock,rock,blues,Layla,Eric Clapton
10.9M,1.3M,4:41,alternative,rock,piano+rock,How to Save a Life,The Fray
8.6M,996.8K,3:16,rock,nu+metal,alternative+rock,Breaking the Habit,Linkin Park
9.2M,1.4M,3:01,punk+rock,punk,rock,Basket Case,Green Day
5.5M,898.2K,4:26,rock,alternative+rock,alternative,Times Like These,Foo Fighters
7.2M,1M,3:52,alternative+rock,rock,alternative,Drive,Incubus
3.7M,717.2K,4:31,classic+rock,rock,70s,Angie,The Rolling Stones
4.4M,758.9K,2:56,rock,hard+rock,stoner+rock,Woman,Wolfmother
7.5M,1M,3:19,rock,nu+metal,alternative,Last Resort,Papa Roach
3.9M,607.3K,3:39,rock,alternative+rock,nickelback,Savin&#39; Me,Nickelback
7.3M,916.2K,3:07,rock,stoner+rock,alternative+rock,Go With the Flow,Queens of the Stone Age
5.6M,735K,3:21,alternative+rock,rock,hard+rock,The Diary of Jane,Breaking Benjamin
2.5M,484.9K,10:10,classic+rock,hard+rock,rock,Child in Time,Deep Purple
7.2M,897.2K,13:04,grunge,90s,rock,Black,Pearl Jam
10.9M,1.3M,3:38,alternative+metal,metal,rock,Toxicity,System of a Down
6.7M,796.6K,6:03,alternative+rock,rock,progressive+rock,New Born,Muse
15.3M,1.7M,3:30,alternative+metal,metal,rock,Chop Suey!,System of a Down
4.9M,871.4K,4:31,90s,rock,alternative,Mr. Jones,Counting Crows
7M,1.1M,3:47,grunge,rock,cover,The Man Who Sold the World,Nirvana
4.7M,888.5K,3:08,classic+rock,rock,blues,Hey Joe,Jimi Hendrix
6.4M,963.7K,5:11,rock,alternative,alternative+rock,Talk,Coldplay
8.6M,988.4K,5:16,progressive+rock,classic+rock,psychedelic+rock,Time,Pink Floyd
3.7M,651.2K,4:19,rock,alternative+rock,nickelback,Photograph,Nickelback
3.4M,616.1K,4:20,rock,alternative+rock,3+doors+down,When I&#39;m Gone,3 Doors Down
7.9M,1.2M,3:16,grunge,rock,90s,Polly,Nirvana
6M,915.3K,4:49,grunge,90s,rock,Jeremy,Pearl Jam
9.1M,1.2M,3:56,britpop,indie,alternative,Somewhere Only We Know,Keane
11.7M,1.4M,3:41,indie+rock,rock,indie,Reptilia,The Strokes
4.5M,771.1K,4:37,rock,alternative+rock,hard+rock,Show Me How To Live,Audioslave
7.6M,1.2M,2:40,rock,90s,alternative+rock,Buddy Holly,Weezer
7M,854.8K,3:28,rock,emo,alternative,Helena,My Chemical Romance
4.4M,751.2K,3:28,rock,alternative+rock,alternative,Scars,Papa Roach
5.5M,895.6K,3:18,punk,punk+rock,rock,London Calling,The Clash
3.3M,583.4K,4:21,rock,alternative+rock,hinder,Lips Of An Angel,Hinder
7.7M,1.2M,4:17,pop,maroon+5,rock,She Will Be Loved,Maroon 5
11M,1.1M,5:03,alternative+rock,rock,alternative,Uprising,Muse
8.1M,1.2M,4:30,alternative,rock,britpop,Trouble,Coldplay
5.7M,901K,9:06,classic+rock,southern+rock,70s,Free Bird,Lynyrd Skynyrd
4.4M,796.6K,5:17,rock,alternative,90s,Everybody Hurts,R.E.M.
3.9M,711.4K,4:48,rock,classic+rock,70s,Born to Run,Bruce Springsteen
3.8M,558.9K,4:48,classic+rock,hard+rock,rock,Still Loving You,Scorpions
6.9M,846.3K,4:59,alternative+rock,rock,progressive+rock,Stockholm Syndrome,Muse
8M,1.2M,2:20,classic+rock,60s,rock,Fortunate Son,Creedence Clearwater Revival
7M,954K,2:04,classic+rock,60s,rock,Yesterday,The Beatles
4.7M,805.7K,4:57,classic+rock,rock,queen,Somebody to Love,Queen
6.9M,1M,4:58,grunge,rock,alternative+rock,Even Flow,Pearl Jam
7.8M,797.2K,4:18,alternative+rock,rock,alternative,Map of the Problematique,Muse
3.2M,709.4K,3:12,classic+rock,rock,70s,Brown Sugar,The Rolling Stones
8.3M,1.2M,4:37,rock,alternative,alternative+rock,In My Place,Coldplay
8.8M,990.5K,3:57,rock,indie+rock,alternative+rock,Closer,Kings of Leon
3M,596.3K,4:27,progressive+rock,80s,classic+rock,Owner of a Lonely Heart,Yes
11.6M,1.3M,7:27,metal,heavy+metal,thrash+metal,Enter Sandman,Metallica
9.2M,1.3M,4:08,classic+rock,80s,rock,Don&#39;t Stop Believin&#39;,Journey
7.4M,821.9K,3:29,rock,alternative+rock,alternative,Leave Out All the Rest,Linkin Park
8.8M,1.2M,4:58,80s,classic+rock,rock,Africa,Toto
3.8M,474.9K,2:54,rock,alternative+rock,alternative,Open Your Eyes,Guano Apes
6.9M,1.1M,6:09,folk,classic+rock,60s,Like a Rolling Stone,Bob Dylan
4.7M,805.3K,3:19,classic+rock,rock,80s,I Want to Break Free,Queen
3.9M,793.7K,3:38,classic+rock,blues+rock,rock,Cocaine,Eric Clapton
8.2M,1.1M,3:29,nu+metal,rock,alternative+rock,Crawling,Linkin Park
8.6M,1.2M,2:45,rock,alternative+rock,alternative,The Middle,Jimmy Eat World
8.1M,988.8K,3:33,nu+metal,rock,alternative+rock,Somewhere I Belong,Linkin Park
6.6M,760.6K,4:42,rock,alternative+rock,hard+rock,Through Glass,Stone Sour
4.9M,715.6K,5:10,hard+rock,rock,classic+rock,Hells Bells,AC/DC
6.9M,564.8K,4:22,rock,twilight,soundtrack,Decode,Paramore
4M,667.3K,5:53,rock,hard+rock,classic+rock,Patience,Guns N&#39; Roses
5M,827.2K,3:31,indie+rock,indie,rock,Do You Want To,Franz Ferdinand
5.1M,990.7K,3:45,classic+rock,rock,60s,(I Can&#39;t Get No) Satisfaction,The Rolling Stones
4.2M,690.6K,3:30,hard+rock,rock,classic+rock,T.N.T.,AC/DC
6.7M,855K,3:19,rock,alternative+rock,cover,Feeling Good,Muse
4.4M,791K,2:44,classic+rock,rock,queen,Crazy Little Thing Called Love,Queen
4.1M,692.3K,4:01,rock,80s,classic+rock,Dancing in the Dark,Bruce Springsteen
3.3M,696.3K,5:41,classic+rock,rock,70s,Wild Horses,The Rolling Stones
3.2M,704K,2:15,classic+rock,60s,rock,You Really Got Me,The Kinks
8.8M,1.1M,4:15,nu+metal,rock,linkin+park,One Step Closer,Linkin Park
4.8M,652K,3:58,alternative+rock,rock,alternative,Pure Morning,Placebo
3.3M,631K,3:41,classic+rock,rock,70s,Behind Blue Eyes,The Who
5M,826K,5:21,alternative+rock,rock,90s,Bullet With Butterfly Wings,The Smashing Pumpkins
6M,891.2K,4:34,rock,90s,female+vocalists,Linger,The Cranberries
7.3M,1.2M,4:23,grunge,90s,rock,All Apologies,Nirvana
4.6M,719.9K,5:15,classic+rock,glam+rock,rock,Space Oddity,David Bowie
4.2M,689.3K,4:30,rock,90s,alternative,Dreams,The Cranberries
9.7M,1.2M,2:17,rock,alternative,britpop,Don&#39;t Panic,Coldplay
7.7M,891.9K,2:44,rock,alternative+rock,nu+metal,Bleed It Out,Linkin Park
5.9M,901.5K,7:08,classic+rock,60s,rock,Hey Jude,The Beatles
9.6M,1.2M,3:17,rock,alternative,emo,I Write Sins Not Tragedies,Panic! at the Disco
7.8M,1.2M,3:20,rock,alternative,alternative+rock,Island in the Sun,Weezer
2.3M,446.7K,3:47,rock,u2,alternative,Elevation,U2
2.5M,394.5K,2:56,rock,alternative,alternative+rock,In The Shadows,The Rasmus
12.4M,1.3M,3:49,alternative,rock,alternative+rock,Where Is My Mind?,Pixies
5.3M,636.7K,3:09,alternative+rock,rock,30+seconds+to+mars,Attack,30 Seconds to Mars
5.6M,796.5K,5:56,alternative,indie,rock,Run,Snow Patrol
4.5M,738.1K,3:13,glam+rock,classic+rock,70s,Ziggy Stardust,David Bowie
4.9M,730.3K,6:39,classic+rock,hard+rock,rock,Dazed and Confused,Led Zeppelin
5M,854.1K,3:58,rock,alternative+rock,funk,Around the World,Red Hot Chili Peppers
4.5M,738.9K,4:07,rock,alternative+rock,funk,Tell Me Baby,Red Hot Chili Peppers
3.8M,752.9K,7:28,classic+rock,rock,60s,You Can&#39;t Always Get What You Want,The Rolling Stones
5.4M,883.1K,3:46,classic+rock,60s,psychedelic+rock,Somebody to Love,Jefferson Airplane
3.6M,592.1K,6:00,classic+rock,rock,80s,Romeo and Juliet,Dire Straits
3.6M,617.8K,3:36,rock,glam+rock,hard+rock,I Believe in a Thing Called Love,The Darkness
4.7M,764.9K,3:24,classic+rock,70s,rock,Dust in the Wind,Kansas
3.4M,573K,5:04,rock,alternative+rock,grunge,Blurry,Puddle of Mudd
5.2M,723.8K,2:54,rock,stoner+rock,alternative+rock,Little Sister,Queens of the Stone Age
6.2M,728.6K,4:12,alternative+rock,rock,alternative,Bliss,Muse
4M,783.8K,6:04,rock,alternative+rock,alternative,Wake Up,Rage Against the Machine
4.2M,740.8K,3:51,rock,female+vocalists,90s,Ironic,Alanis Morissette
4.8M,724.7K,4:00,rock,alternative,alternative+rock,Move Along,The All-American Rejects
7.4M,1.1M,2:48,heavy+metal,hard+rock,metal,Ace of Spades,Mot√∂rhead
3.5M,718.6K,4:16,90s,rock,alternative+rock,Two Princes,Spin Doctors
4.8M,672.2K,3:58,rock,alternative+rock,nickelback,Far Away,Nickelback
13.6M,1.5M,3:48,alternative,alternative+rock,radiohead,No Surprises,Radiohead
6.5M,930K,2:33,classic+rock,60s,rock,Help!,The Beatles
4.8M,867.8K,4:12,classic+rock,70s,rock,Walk on the Wild Side,Lou Reed
7.4M,1.1M,2:53,grunge,rock,alternative,Dumb,Nirvana
2.1M,384.9K,4:21,80s,hard+rock,rock,Pour Some Sugar on Me,Def Leppard
6.2M,962.5K,4:04,indie+rock,rock,indie,Jenny Was a Friend of Mine,The Killers
2.6M,524.1K,5:24,classic+rock,hard+rock,80s,Here I Go Again,Whitesnake
3M,515.5K,4:45,80s,rock,new+wave,Rebel Yell,Billy Idol
2M,410.8K,4:13,classic+rock,rock,blues+rock,Sharp Dressed Man,ZZ Top
7.3M,1.3M,3:26,pop,rock,pop+rock,This Love,Maroon 5
4.4M,594.3K,3:15,rock,gothic+rock,female+vocalists,Everybody&#39;s Fool,Evanescence
2.6M,593K,3:31,classic+rock,rock,80s,Start Me Up,The Rolling Stones
5.5M,964.8K,4:45,rock,funk+rock,funk,Give It Away,Red Hot Chili Peppers
3.2M,618.1K,6:05,hard+rock,classic+rock,rock,Highway Star,Deep Purple
5.1M,737.5K,4:33,britpop,rock,90s,Live Forever,Oasis
4.7M,737.9K,3:17,alternative+rock,rock,90s,Disarm,The Smashing Pumpkins
4.2M,641.6K,3:36,rock,pop,90s,My Favourite Game,The Cardigans
2.2M,463.6K,6:27,rock,u2,90s,Mysterious Ways,U2
5.4M,704.8K,4:50,rock,alternative+rock,linkin+park,Shadow of the Day,Linkin Park
3.3M,549.5K,7:42,hard+rock,rock,classic+rock,Civil War,Guns N&#39; Roses
3.8M,699.9K,3:42,rock,alternative+rock,hard+rock,Cochise,Audioslave
9.7M,1.3M,3:37,new+wave,80s,alternative,Friday I&#39;m in Love,The Cure
2M,331.7K,4:01,rock,soundtrack,james+bond,You Know My Name,Chris Cornell
3M,564K,5:47,rock,classic+rock,80s,Radio Ga Ga,Queen
4M,770.2K,4:04,classic+rock,blues,rock,Roadhouse Blues,The Doors
2.5M,517K,3:51,classic+rock,blues+rock,rock,La Grange,ZZ Top
4.5M,753.3K,5:41,alternative,rock,indie,Open Your Eyes,Snow Patrol
1.5M,297.6K,4:14,80s,rock,australian,Beds Are Burning,Midnight Oil
5M,572.3K,3:36,alternative,alternative+rock,rock,Song to Say Goodbye,Placebo
4.4M,809K,4:13,rock,alternative+rock,alternative,Icky Thump,The White Stripes
5.6M,815.4K,3:52,rock,alternative+rock,alternative,The Zephyr Song,Red Hot Chili Peppers
2.1M,379.9K,5:46,rock,u2,irish,City of Blinding Lights,U2
2.6M,503.6K,4:55,classic+rock,rock,80s,Who Wants to Live Forever,Queen
3.3M,683.3K,5:24,classic+rock,blues,rock,Wonderful Tonight,Eric Clapton
7.3M,886.3K,3:23,rock,pop+punk,alternative,Thnks fr th Mmrs,Fall Out Boy
5.5M,871.4K,3:47,classic+rock,60s,rock,All You Need Is Love,The Beatles
4.3M,794K,3:16,classic+rock,60s,psychedelic+rock,Love Me Two Times,The Doors
4.3M,562.3K,3:45,alternative+rock,rock,alternative,Anna Molly,Incubus
9.2M,1M,3:09,indie+rock,rock,alternative,You Only Live Once,The Strokes
9.1M,1M,4:06,indie+rock,indie,rock,Human,The Killers
6.3M,818.4K,6:13,industrial,industrial+rock,alternative,Closer,Nine Inch Nails
4.9M,747K,3:40,classic+rock,hard+rock,rock,Rock and Roll,Led Zeppelin
5.4M,729.5K,3:33,rock,pop+punk,alternative,"This Ain&#39;t a Scene, It&#39;s an Arms Race",Fall Out Boy
8.7M,1.2M,2:35,80s,new+wave,post-punk,Boys Don&#39;t Cry,The Cure
6M,943.8K,2:32,psychedelic,classic+rock,60s,White Rabbit,Jefferson Airplane
4.3M,855.5K,4:32,classic+rock,blues,acoustic,Tears in Heaven,Eric Clapton
7.2M,1M,6:55,beautiful,cover,acoustic,Hallelujah,Jeff Buckley
4.5M,738.5K,2:37,rock,alternative,alternative+rock,Blue Orchid,The White Stripes
4.9M,791.8K,4:00,90s,rock,pop,Save Tonight,Eagle-Eye Cherry
10.5M,1.2M,4:50,alternative,alternative+rock,rock,Fake Plastic Trees,Radiohead
2.2M,497.3K,5:37,classic+rock,rock,70s,All Right Now,Free
2.7M,480.3K,3:15,rock,classic+rock,90s,Streets of Philadelphia,Bruce Springsteen
8.7M,1.1M,3:00,punk+rock,rock,punk,The Kids Aren&#39;t Alright,The Offspring
5.9M,1M,5:58,heavy+metal,hard+rock,classic+rock,Iron Man,Black Sabbath
3.7M,661.2K,3:34,glam+rock,classic+rock,70s,Changes,David Bowie
4.3M,674.3K,5:18,nu+metal,rock,rapcore,Take a Look Around,Limp Bizkit
4.6M,768K,3:43,classic+rock,70s,rock,Perfect Day,Lou Reed
3.5M,722.7K,2:22,classic+rock,psychedelic+rock,60s,"Hello, I Love You",The Doors
3.5M,614K,4:19,nu+metal,rock,alternative,Youth of the Nation,P.O.D.
6.6M,893.6K,3:04,classic+rock,60s,rock,Here Comes the Sun,The Beatles
5.6M,821.8K,3:28,psychedelic,classic+rock,60s,Lucy in the Sky with Diamonds,The Beatles
2.7M,460.3K,3:35,rock,alternative+rock,daughtry,It&#39;s Not Over,Daughtry
5.1M,884.7K,3:53,rock,alternative+rock,grunge,Monkey Wrench,Foo Fighters
2.8M,490.2K,4:02,classic+rock,rock,80s,I Want It All,Queen
2.4M,495.3K,4:34,rock,alternative+rock,creed,With Arms Wide Open,Creed
5.8M,662.2K,4:05,alternative+rock,rock,30+seconds+to+mars,A Beautiful Lie,30 Seconds to Mars
4.5M,612.3K,3:38,alternative+rock,rock,hard+rock,Breath,Breaking Benjamin
3M,607.3K,3:06,hard+rock,rock,cover,Live and Let Die,Guns N&#39; Roses
3.9M,692.9K,3:06,punk,punk+rock,80s,Should I Stay or Should I Go,The Clash
7.8M,1.1M,6:11,alternative+metal,metal,rock,Aerials,System of a Down
3.7M,623K,4:10,hard+rock,classic+rock,rock,Rock You Like a Hurricane,Scorpions
1.6M,411.7K,4:21,rock,90s,lenny+kravitz,American Woman,Lenny Kravitz
3.4M,686.3K,5:12,punk,rock,punk+rock,Lust For Life,Iggy Pop
10.9M,1.4M,2:48,punk+rock,pop+punk,rock,All the Small Things,blink-182
8.4M,1M,2:41,rock,punk+rock,alternative,Teenagers,My Chemical Romance
4M,683.4K,4:21,rock,alternative,alternative+rock,Drops of Jupiter,Train
7.8M,907.9K,7:08,metal,heavy+metal,thrash+metal,The Unforgiven,Metallica
4.9M,739.5K,3:46,indie+rock,rock,indie,Bones,The Killers
5.5M,890.2K,3:35,indie+rock,indie,rock,Club Foot,Kasabian
3M,497K,5:52,rock,classic+rock,ballad,Always,Bon Jovi
4.1M,683.3K,3:33,classic+rock,80s,rock,Hold the Line,Toto
3.3M,673.8K,2:50,classic+rock,rock,70s,You&#39;re My Best Friend,Queen
8.8M,850.4K,3:09,rock,pop+punk,female+vocalists,crushcrushcrush,Paramore
6.6M,817.4K,4:40,progressive+rock,classic+rock,psychedelic+rock,Hey You,Pink Floyd
8.9M,1.2M,3:52,acoustic,indie,love,Hey There Delilah,Plain White T&#39;s
2.4M,587.7K,5:03,classic+rock,rock,british,Who Are You,The Who
5.3M,859K,4:13,alternative+rock,rock,90s,"Tonight, Tonight",The Smashing Pumpkins
2.6M,495.6K,4:03,80s,rock,classic+rock,Heaven,Bryan Adams
7.3M,1.2M,2:25,classic+rock,psychedelic+rock,rock,Break on Through (to the Other Side),The Doors
3.3M,511.7K,4:33,rock,indie,alternative,Maybe Tomorrow,Stereophonics
5M,924K,2:53,classic+rock,60s,rock,Brown Eyed Girl,Van Morrison
3.1M,570.8K,5:35,rock,alternative+rock,alternative,I Am The Highway,Audioslave
4.6M,693.7K,6:40,classic+rock,hard+rock,rock,Babe I&#39;m Gonna Leave You,Led Zeppelin
4.3M,630.5K,7:25,classic+rock,blues,rock,Since I&#39;ve Been Loving You,Led Zeppelin
4.3M,761.5K,3:37,90s,rock,alternative,No Rain,Blind Melon
2.1M,396.4K,6:34,rock,bon+jovi,classic+rock,Bed Of Roses,Bon Jovi
3.7M,720.5K,3:15,classic+rock,rock,60s,Touch Me,The Doors
3.4M,632.7K,5:14,rock,alternative,alternative+rock,Man on the Moon,R.E.M.
3.3M,598.8K,6:00,rock,80s,classic+rock,Wanted Dead or Alive,Bon Jovi
6.2M,906.5K,2:11,60s,classic+rock,rock,Eleanor Rigby,The Beatles
6.6M,934.2K,4:20,pop,pop+rock,rock,Complicated,Avril Lavigne
4M,529.3K,3:49,alternative+rock,rock,alternative,Special K,Placebo
9.9M,1.3M,4:17,alternative,alternative+rock,rock,High and Dry,Radiohead
9.4M,1.2M,3:34,80s,new+wave,post-punk,Just Like Heaven,The Cure
4.8M,842.7K,4:30,rock,alternative+rock,funk+rock,Parallel Universe,Red Hot Chili Peppers
5M,738.7K,4:45,classic+rock,rock,60s,While My Guitar Gently Weeps,The Beatles
4.7M,485.6K,7:46,progressive+rock,psychedelic+rock,classic+rock,High Hopes,Pink Floyd
9M,1.1M,3:18,indie,indie+rock,alternative,Banquet,Bloc Party
5.3M,769.4K,4:54,alternative+rock,rock,alternative,Sing for Absolution,Muse
2.7M,497K,8:41,rock,classic+rock,80s,A Kind of Magic,Queen
2.5M,460.1K,3:02,80s,rock,pop,Never Tear Us Apart,INXS
4.8M,654.3K,5:03,britpop,rock,british,Stop Crying Your Heart Out,Oasis
4.2M,798K,3:53,indie+rock,indie,rock,I Predict a Riot,Kaiser Chiefs
3.8M,707.2K,3:09,rock,pop,pop+rock,Harder to Breathe,Maroon 5
6M,991.1K,3:51,rock,alternative+rock,rapcore,Bulls on Parade,Rage Against the Machine
2.3M,459.4K,4:51,alternative+rock,rock,staind,Outside,Staind
6.1M,1.1M,3:54,alternative,90s,indie,Loser,Beck
3.5M,607.4K,3:14,punk,80s,punk+rock,Rock the Casbah,The Clash
5.9M,745.4K,5:21,punk+rock,rock,alternative+rock,21 Guns,Green Day
3.1M,560K,4:09,rock,90s,female+vocalists,You Oughta Know,Alanis Morissette
3.8M,613.6K,3:11,rock,nu+metal,hard+rock,Getting Away With Murder,Papa Roach
3.9M,647.7K,2:26,classic+rock,hard+rock,rock,Communication Breakdown,Led Zeppelin
5.3M,878.1K,2:46,classic+rock,rock,60s,Yellow Submarine,The Beatles
4M,615.8K,3:31,rock,indie,alternative,Bohemian Like You,The Dandy Warhols
4.9M,656.3K,3:26,rock,alternative,punk,Miss Murder,AFI
3.5M,421.2K,3:44,gothic+rock,rock,female+vocalists,Lithium,Evanescence
2.2M,235.1K,3:32,rock,pop+rock,alternative,Fairytale Gone Bad,Sunrise Avenue
3.4M,704.1K,3:39,classic+rock,rock,hard+rock,Walk This Way,Aerosmith
1.9M,376.7K,8:31,classic+rock,rock,70s,Won&#39;t Get Fooled Again,The Who
1.7M,368.4K,3:54,rock,80s,classic+rock,Run to You,Bryan Adams
5M,811.1K,3:38,classic+rock,70s,rock,Go Your Own Way,Fleetwood Mac
3.3M,588.7K,3:42,indie+rock,indie,rock,The Fallen,Franz Ferdinand
4.6M,586.9K,4:23,alternative+rock,rock,muse,Muscle Museum,Muse
3.2M,620.8K,3:21,classic+rock,rock,70s,Fat Bottomed Girls,Queen
2.7M,550.8K,4:07,80s,rock,classic+rock,Let&#39;s Dance,David Bowie
7.2M,935K,3:00,pop+punk,rock,punk,"Dance, Dance",Fall Out Boy
3M,702.2K,3:20,classic+rock,rock,60s,The Wind Cries Mary,Jimi Hendrix
4.1M,540K,4:28,rock,alternative+rock,alternative,Love Hurts,Incubus
2.3M,484.9K,4:00,rock,classic+rock,70s,My Sharona,The Knack
5.6M,968.7K,2:17,classic+rock,60s,southern+rock,Bad Moon Rising,Creedence Clearwater Revival
4.4M,798.3K,4:19,indie+rock,rock,indie,On Top,The Killers
3.6M,678.3K,6:35,80s,pop,classic+rock,In the Air Tonight,Phil Collins
4.1M,600.5K,4:46,80s,ballad,rock,Wicked Game,Chris Isaak
3.6M,575.2K,4:57,rock,indie,britpop,Dakota,Stereophonics
4.4M,657.4K,3:20,industrial,cover,metal,Tainted Love,Marilyn Manson
4.1M,650.2K,4:15,classic+rock,hard+rock,rock,Heartbreaker,Led Zeppelin
1.8M,388.6K,3:30,80s,rock,new+wave,White Wedding,Billy Idol
6.2M,981.3K,4:01,grunge,rock,alternative,Something in the Way,Nirvana
2.8M,526.7K,4:26,classic+rock,glam+rock,rock,Rebel Rebel,David Bowie
13.5M,1.2M,2:57,indie+rock,indie,british,Fluorescent Adolescent,Arctic Monkeys
3.2M,552.4K,3:27,rock,alternative+rock,nickelback,Someday,Nickelback
1.8M,299.6K,3:48,rock,hard+rock,classic+rock,Have A Nice Day,Bon Jovi
4.8M,800K,3:19,rock,alternative,alternative+rock,Today,The Smashing Pumpkins
6.6M,1.2M,4:18,pop,80s,michael+jackson,Beat It,Michael Jackson
10.3M,1.5M,5:43,alternative,electronic,hip-hop,Clint Eastwood,Gorillaz
4.3M,636.1K,6:15,grunge,rock,90s,Rooster,Alice in Chains
6.9M,881.7K,5:51,progressive+rock,psychedelic+rock,classic+rock,The Great Gig in the Sky,Pink Floyd
3.1M,449.7K,2:56,rock,alternative+rock,female+vocalists,I&#39;m So Sick,Flyleaf
2.6M,439.7K,3:56,rock,alternative+rock,90s,Only Happy When It Rains,Garbage
3.1M,541.4K,6:02,hard+rock,rock,90s,You Could Be Mine,Guns N&#39; Roses
3M,520.8K,3:36,rock,alternative+rock,alternative,Hanging by a Moment,Lifehouse
6.7M,815.7K,3:27,grunge,90s,rock,Would?,Alice in Chains
11.8M,1.2M,3:47,punk+rock,rock,alternative,I Miss You,blink-182
6.3M,827.4K,2:18,progressive+rock,classic+rock,psychedelic+rock,Us and Them,Pink Floyd
3.2M,584K,3:23,rock,pop+punk,simple+plan,Welcome to My Life,Simple Plan
4.7M,686.4K,3:48,glam+rock,70s,rock,Life on Mars?,David Bowie
6.1M,994.7K,3:43,grunge,rock,90s,Drain You,Nirvana
10.3M,1.4M,4:39,grunge,90s,rock,Heart-Shaped Box,Nirvana
5.8M,974.7K,3:03,grunge,rock,alternative,Breed,Nirvana
2.8M,607.6K,4:20,80s,rock,classic+rock,Every Little Thing She Does Is Magic,The Police
3.8M,612.1K,7:08,classic+rock,hard+rock,rock,When the Levee Breaks,Led Zeppelin
4.4M,701.5K,4:55,classic+rock,60s,rock,A Day in the Life,The Beatles
3.2M,569.9K,5:14,grunge,rock,90s,Plush,Stone Temple Pilots
5.1M,636.7K,3:01,punk+rock,rock,punk,Pieces,Sum 41
5.5M,940.3K,3:21,rock,90s,alternative,All Star,Smash Mouth
2.4M,410.9K,3:38,rock,alternative+rock,alternative,I Think I&#39;m Paranoid,Garbage
2.1M,484.3K,4:59,rock,80s,new+wave,Walking on the Moon,The Police
2.6M,536.7K,3:03,80s,rock,pop,Need You Tonight,INXS
5.5M,960.5K,3:16,grunge,rock,alternative,On a Plain,Nirvana
4.4M,732.2K,4:20,rock,alternative,dance,The Bad Touch,Bloodhound Gang
3.2M,537.8K,2:46,rock,punk+rock,alternative,I Just Wanna Live,Good Charlotte
2.3M,409.8K,4:57,rock,kid+rock,summer,All Summer Long,Kid Rock
3.3M,599.4K,3:30,rock,alternative+rock,90s,Slide,Goo Goo Dolls
4.3M,580.2K,4:39,rock,classic+rock,80s,Born in the U.S.A.,Bruce Springsteen
3.1M,563K,4:30,rock,90s,alternative,Ode to My Family,The Cranberries
2.3M,490.3K,4:16,classic+rock,60s,blues,Piece of My Heart,Janis Joplin
3.5M,651.9K,8:14,psychedelic,60s,rock,Heroin,The Velvet Underground
1.5M,344.8K,5:29,rock,classic+rock,hard+rock,Janie&#39;s Got a Gun,Aerosmith
4.9M,694K,4:46,grunge,rock,90s,Man in the Box,Alice in Chains
3.5M,724.3K,3:18,classic+rock,rock,psychedelic+rock,Love Her Madly,The Doors
3.3M,572.8K,3:40,sting,pop,soft+rock,Fields of Gold,Sting
3M,572.3K,3:25,classic+rock,glam+rock,rock,Suffragette City,David Bowie
3.9M,754K,4:14,indie,indie+rock,rock,This Fire,Franz Ferdinand
2.3M,446.8K,4:12,rock,alternative+rock,alternative,Imitation of Life,R.E.M.
6M,874.7K,1:50,rock,alternative+rock,alternative,Fell in Love With a Girl,The White Stripes
4.4M,626.5K,4:02,pop+rock,rock,pop,My Happy Ending,Avril Lavigne
5.4M,912.3K,2:57,alternative,rock,indie,Monkey Gone to Heaven,Pixies
4.7M,730.1K,3:50,classic+rock,rock,80s,Under Pressure,Queen
10.1M,1.3M,3:07,indie+rock,indie,rock,Someday,The Strokes
3.8M,590.6K,4:10,glam+rock,classic+rock,70s,Starman,David Bowie
5.5M,879.4K,3:36,britpop,indie,alternative,Everybody&#39;s Changing,Keane
2.5M,592.7K,2:43,classic+rock,rock,psychedelic,Fire,Jimi Hendrix
3.7M,570.7K,4:30,britpop,rock,british,Supersonic,Oasis
1.4M,273.3K,4:46,rock,80s,progressive+rock,Land of Confusion,Genesis
1.2M,249.1K,5:43,rock,bon+jovi,classic+rock,Keep the Faith,Bon Jovi
2.2M,485.3K,3:40,classic+rock,rock,60s,Jumpin&#39; Jack Flash,The Rolling Stones
4.3M,726.7K,3:22,rock,garage+rock,indie,Hate To Say I Told You So,The Hives
2.3M,473.1K,3:45,classic+rock,70s,progressive+rock,The Logical Song,Supertramp
1.8M,374.1K,5:56,rock,classic+rock,hard+rock,Amazing,Aerosmith
3.1M,620K,5:00,classic+rock,rock,70s,The Boys Are Back in Town,Thin Lizzy
1.9M,455.5K,4:23,rock,hard+rock,classic+rock,Dude (Looks Like a Lady),Aerosmith
1.6M,376.5K,2:59,rock,u2,80s,Desire,U2
4.8M,778.7K,3:17,rock,alternative,pop+punk,Dirty Little Secret,The All-American Rejects
3.7M,640.6K,2:40,alternative+rock,rock,90s,Zero,The Smashing Pumpkins
5.3M,865.4K,3:36,grunge,rock,alternative,Pennyroyal Tea,Nirvana
5.6M,810K,5:23,classic+rock,70s,progressive+rock,Carry on Wayward Son,Kansas
3.8M,729.1K,3:29,rock,90s,pop,Just a Girl,No Doubt
7.9M,952.9K,3:05,nu+metal,rock,alternative+rock,Papercut,Linkin Park
2.1M,415.4K,4:31,rock,u2,pop,Stuck in a Moment You Can&#39;t Get Out Of,U2
4.5M,430.5K,4:12,rock,female+vocalist,garage+rock,Make Me Wanna Die,The Pretty Reckless
3.5M,567.5K,4:51,rock,alternative+rock,90s,Epic,Faith No More
2.5M,544.9K,4:06,classic+rock,60s,rock,Lola,The Kinks
3.6M,721.4K,3:59,classic+rock,60s,rock,Under My Thumb,The Rolling Stones
10.6M,1.1M,3:20,indie+rock,indie,british,When the Sun Goes Down,Arctic Monkeys
3M,445.5K,4:14,rock,comedy+rock,comedy,Kickapoo,Tenacious D
2.6M,516K,4:27,rock,alternative+rock,staind,It&#39;s Been Awhile,Staind
1.7M,377.2K,4:22,classic+rock,70s,rock,Love Hurts,Nazareth
16.2M,1.9M,3:41,alternative,electronic,hip-hop,Feel Good Inc.,Gorillaz
1.8M,361.3K,5:05,rock,u2,irish,Sometimes You Can&#39;t Make It On Your Own,U2
5.6M,944.1K,2:58,4+stars,punk+rock,rock,When I Come Around,Green Day
5.9M,838.5K,3:03,classic+rock,60s,rock,Something,The Beatles
8M,920.9K,7:24,thrash+metal,metal,heavy+metal,One,Metallica
3M,639.5K,3:07,classic+rock,rock,60s,Proud Mary,Creedence Clearwater Revival
3.3M,604K,3:48,britpop,indie,rock,Sing,Travis
5.3M,923.8K,3:08,punk+rock,rock,punk,Pretty Fly (For a White Guy),The Offspring
2.1M,492.9K,2:46,classic+rock,60s,rock,Magic Carpet Ride,Steppenwolf
2.1M,512.2K,3:10,classic+rock,rock,60s,Street Fighting Man,The Rolling Stones
5.7M,811.6K,3:33,rock,alternative,pop+rock,Gives You Hell,The All-American Rejects
3.7M,789.2K,4:58,classic+rock,60s,blues+rock,White Room,Cream
2.8M,560.1K,3:01,classic+rock,rock,70s,Bicycle Race,Queen
4.4M,794.5K,3:25,rock,alternative+rock,acoustic,Road Trippin&#39;,Red Hot Chili Peppers
5.3M,631.2K,3:09,rock,nu+metal,alternative+rock,Given Up,Linkin Park
3.6M,653.9K,3:36,rock,alternative,rapcore,Butterfly,Crazy Town
10.9M,1.2M,2:55,indie+rock,indie,british,Mardy Bum,Arctic Monkeys
8.1M,1.2M,4:45,rock,punk+rock,alternative,Wake Me Up When September Ends,Green Day
3M,651.5K,3:00,classic+rock,rock,60s,Pinball Wizard,The Who
4.4M,713.2K,3:09,rock,classic+rock,60s,Get Back,The Beatles
2.9M,522.5K,5:12,90s,rock,alternative+rock,One Headlight,The Wallflowers
3.3M,678.5K,2:22,classic+rock,60s,rock,All Day and All of the Night,The Kinks
2M,381.7K,4:40,classic+rock,80s,hard+rock,Is This Love,Whitesnake
5M,758.1K,3:37,pop,rock,pop+rock,Girlfriend,Avril Lavigne
2.8M,594.6K,3:44,rock,90s,alternative+rock,Shiny Happy People,R.E.M.
1.8M,369.4K,4:56,rock,latin,latin+rock,Smooth,Santana
3.3M,501K,4:38,rock,sting,classic+rock,Shape Of My Heart,Sting
5.9M,910.8K,3:35,indie+rock,indie,british,Chelsea Dagger,The Fratellis
1.8M,419.3K,3:19,classic+rock,rock,80s,Cold as Ice,Foreigner
4M,641.4K,3:48,rock,alternative+rock,foo+fighters,Long Road to Ruin,Foo Fighters
2.3M,426.3K,3:04,rock,female+vocalists,classic+rock,Because the Night,Patti Smith
4M,719.1K,3:32,rock,alternative,alternative+rock,The Hardest Button to Button,The White Stripes
2.2M,439.9K,7:49,progressive+rock,classic+rock,rock,Aqualung,Jethro Tull
3.2M,608.5K,3:13,grunge,90s,rock,Interstate Love Song,Stone Temple Pilots
4.4M,728.5K,2:43,classic+rock,hard+rock,rock,Good Times Bad Times,Led Zeppelin
3.1M,647K,3:54,classic+rock,rock,hard+rock,Sweet Emotion,Aerosmith
7.5M,928.9K,3:38,indie+rock,indie,british,The View from the Afternoon,Arctic Monkeys
2.9M,584.1K,4:20,classic+rock,rock,70s,Barracuda,Heart
1.8M,428.4K,4:20,classic+rock,hard+rock,rock,Hush,Deep Purple
2.4M,445.9K,4:56,rock,alternative+rock,creed,My Sacrifice,Creed
2.2M,443.1K,4:18,rock,90s,alternative,Stupid Girl,Garbage
2M,409K,5:12,classic+rock,rock,80s,So Far Away,Dire Straits
9M,958.3K,8:34,thrash+metal,metal,heavy+metal,Master of Puppets,Metallica
9.3M,1.2M,3:17,indie+rock,rock,indie,Last Nite,The Strokes
10.1M,1.1M,4:37,alternative+rock,rock,british,Paradise,Coldplay
2.9M,561K,4:49,80s,rock,classic+rock,We Didn&#39;t Start the Fire,Billy Joel
5.7M,645.4K,3:23,rock,alternative,emo,The Ghost of You,My Chemical Romance
4.5M,834.6K,4:56,heavy+metal,hard+rock,metal,Crazy Train,Ozzy Osbourne
1.8M,328.9K,4:49,rock,80s,female+vocalists,Black Velvet,Alannah Myles
1.4M,313.9K,3:36,rock,80s,classic+rock,I Will Follow,U2
1.8M,434.1K,5:00,rock,alternative+rock,alternative,Cold Hard Bitch,Jet
4M,648.5K,5:19,hard+rock,rock,classic+rock,Shoot to Thrill,AC/DC
4M,679.5K,2:29,rock,classic+rock,60s,A Hard Day&#39;s Night,The Beatles
1.7M,343.4K,6:24,80s,rock,progressive+rock,Sledgehammer,Peter Gabriel
3.3M,441.6K,4:17,gothic+rock,rock,female+vocalists,Imaginary,Evanescence
3.6M,647.8K,4:58,alternative+rock,rock,grunge,Cherub Rock,The Smashing Pumpkins
9.1M,1M,4:01,alternative,rock,alternative+rock,Bodysnatchers,Radiohead
1.8M,378.7K,3:17,rock,80s,alternative+rock,The One I Love,R.E.M.
1.7M,320.9K,4:55,rock,u2,irish,Walk On,U2
8.3M,1.1M,3:06,indie+rock,indie,british,Fake Tales of San Francisco,Arctic Monkeys
5M,647.2K,3:10,rock,alternative,emo,Face Down,The Red Jumpsuit Apparatus
8.7M,790.6K,3:56,alternative+rock,rock,alternative,Undisclosed Desires,Muse
2.7M,469.7K,3:58,rock,alternative+rock,creed,One Last Breath,Creed
1.4M,287.6K,5:46,80s,rock,hard+rock,Love Bites,Def Leppard
7.8M,1M,3:39,indie,indie+rock,female+vocalists,Maps,Yeah Yeah Yeahs
2.1M,500.1K,4:03,80s,rock,classic+rock,Don&#39;t Stand So Close to Me,The Police
4.9M,581.6K,3:16,punk+rock,rock,punk,Red Flag,Billy Talent
3.8M,714.6K,4:55,rock,alternative+rock,rapcore,Know Your Enemy,Rage Against the Machine
4.8M,813.7K,4:57,rock,alternative,britpop,God Put a Smile Upon Your Face,Coldplay
4.1M,717K,11:35,psychedelic+rock,classic+rock,psychedelic,The End,The Doors
10.6M,1.1M,3:56,alternative,poptron,alternative+rock,15 Step,Radiohead
1.7M,332.2K,6:31,classic+rock,rock,hard+rock,Innuendo,Queen
2.4M,440.5K,4:50,rock,classic+rock,70s+rock,Thunder Road,Bruce Springsteen
3.4M,589.2K,3:36,indie+rock,rock,indie,Walk Away,Franz Ferdinand
4.1M,544.9K,3:54,alternative+rock,rock,muse,Sunburn,Muse
1.4M,320.5K,6:20,rock,hard+rock,classic+rock,Livin&#39; on the Edge,Aerosmith
2.6M,468.6K,4:12,rock,alternative+rock,grunge,DOA,Foo Fighters
2M,377.9K,3:44,rock,alternative+rock,hinder,Better Than Me,Hinder
4.1M,603.5K,9:08,punk+rock,rock,punk,Jesus of Suburbia,Green Day
5.1M,697K,4:35,alternative+rock,rock,progressive+rock,Take a Bow,Muse
6.2M,917.2K,4:59,rock,alternative,alternative+rock,Shiver,Coldplay
6.8M,1M,4:18,alternative,alternative+rock,rock,Say It Ain&#39;t So,Weezer
3.9M,702K,1:55,heavy+metal,classic+rock,hard+rock,War Pigs,Black Sabbath
3M,605K,4:26,classic+rock,70s,rock,The Joker,Steve Miller Band
10.5M,1M,4:09,alternative+rock,alternative,rock,Jigsaw Falling Into Place,Radiohead
6.5M,885.8K,4:12,80s,new+wave,post-punk,Lullaby,The Cure
4.2M,700.9K,2:14,classic+rock,rock,60s,Can&#39;t Buy Me Love,The Beatles
3.6M,608.2K,5:57,classic+rock,southern+rock,70s,Simple Man,Lynyrd Skynyrd
2.6M,482.5K,3:26,rock,alternative+rock,crossfade,Cold,Crossfade
9.9M,1.4M,3:00,pop,female+vocalists,pop+rock,I Kissed a Girl,Katy Perry
3.3M,653.4K,3:33,80s,new+wave,rock,One Way or Another,Blondie
1.8M,365.5K,4:02,rock,classic+rock,80s,One Vision,Queen
3.8M,621.8K,3:36,classic+rock,rock,70s,Going to California,Led Zeppelin
1.8M,500.1K,3:52,classic+rock,60s,rock,I Can See for Miles,The Who
2.9M,596.8K,4:35,classic+rock,70s,george+harrison,My Sweet Lord,George Harrison
4.4M,706.8K,3:57,hard+rock,rock,classic+rock,I Was Made for Lovin&#39; You,Kiss
8.6M,1.1M,4:15,alternative+metal,metal,rock,B.Y.O.B.,System of a Down
3.1M,621.4K,7:49,classic+rock,psychedelic+rock,rock,L.A. Woman,The Doors
3.7M,526K,5:37,grunge,rock,90s,Down in a Hole,Alice in Chains
3.2M,495K,4:34,alternative+rock,rock,hard+rock,So Cold,Breaking Benjamin
2.1M,397.7K,3:35,rock,classic+rock,hard+rock,Jaded,Aerosmith
5.3M,588K,4:57,cover,alternative,alternative+rock,Running Up That Hill,Placebo
1.5M,319.3K,5:04,classic+rock,70s,rock,Radar Love,Golden Earring
2.6M,535.1K,4:47,80s,classic+rock,rock,The Boys Of Summer,Don Henley
11M,1.1M,3:48,alternative,alternative+rock,radiohead,All I Need,Radiohead
5.4M,637.2K,3:58,rock,alternative,emo,I Don&#39;t Love You,My Chemical Romance
3M,557.4K,5:34,acoustic,ballad,rock,More Than Words,Extreme
1.2M,284.1K,5:22,rock,hard+rock,classic+rock,Love in an Elevator,Aerosmith
4.2M,509K,3:15,alternative+rock,alternative,rock,Infra-Red,Placebo
2M,389.1K,5:23,80s,classic+rock,rock,Heat of the Moment,Asia
6.2M,664.6K,4:59,rock,alternative+rock,alternative,Famous Last Words,My Chemical Romance
2M,355.6K,3:51,rock,alternative+rock,alternative,Away from the Sun,3 Doors Down
1.1M,222.4K,4:44,rock,90s,soundtrack,"Hold Me, Thrill Me, Kiss Me, Kill Me",U2
3M,533.2K,2:42,grunge,rock,90s,Celebrity Skin,Hole
1.6M,356.6K,3:00,rock,u2,classic+rock,Sweetest Thing,U2
2.2M,415K,3:56,rock,classic+rock,glam+rock,The Man Who Sold the World,David Bowie
9.7M,1.2M,3:28,indie,indie+rock,alternative,Float On,Modest Mouse
3.3M,600.5K,4:42,90s,rock,alternative,You Get What You Give,New Radicals
5.3M,678K,3:17,indie+rock,rock,indie,Juicebox,The Strokes
2.1M,312.7K,2:49,rock,alternative+rock,cover,Big in Japan,Guano Apes
4.1M,712.4K,5:18,rock,alternative,britpop,Politik,Coldplay
2.2M,453.1K,3:41,rock,female+vocalists,90s,Hand in My Pocket,Alanis Morissette
3.2M,564.6K,4:25,80s,sting,rock,Englishman in New York,Sting
1.9M,399.3K,6:34,rock,ballad,90s,(Everything I Do) I Do It for You,Bryan Adams
2M,407.1K,2:40,classic+rock,70s,rock,Breakfast in America,Supertramp
4.2M,588.7K,4:00,pop,rock,avril+lavigne,When You&#39;re Gone,Avril Lavigne
4.6M,685.9K,4:12,alternative+rock,rock,progressive+rock,Apocalypse Please,Muse
3.1M,585.2K,4:10,indie,indie+rock,rock,America,Razorlight
2.4M,495K,4:25,90s,rock,alternative,Runaway Train,Soul Asylum
1.9M,440.4K,3:02,rock,80s,new+wave,Can&#39;t Stand Losing You,The Police
2.1M,404.8K,5:22,female+vocalists,90s,rock,One of Us,Joan Osborne
3.3M,470.2K,3:40,gothic+rock,rock,gothic,Hello,Evanescence
4.4M,810K,4:04,rock,alternative+rock,metal,Bombtrack,Rage Against the Machine
3.9M,739.3K,3:25,80s,new+wave,rock,Call Me,Blondie
4.2M,707.7K,2:24,classic+rock,rock,60s,I Want to Hold Your Hand,The Beatles
1.7M,348.6K,4:30,rock,hard+rock,velvet+revolver,Fall to Pieces,Velvet Revolver
8M,1M,2:22,indie+rock,indie,british,Dancing Shoes,Arctic Monkeys
4.3M,595.5K,3:44,pop,pop+rock,rock,I&#39;m with You,Avril Lavigne
2M,385.3K,4:59,rock,classic+rock,singer-songwriter,The River,Bruce Springsteen
2.1M,395.4K,4:02,rock,alternative+rock,3+doors+down,It&#39;s Not My Time,3 Doors Down
6.9M,892.4K,4:12,alternative,alternative+rock,rock,Street Spirit (Fade Out),Radiohead
4.3M,558.4K,3:57,alternative+rock,rock,muse,Unintended,Muse
1.4M,306.5K,6:30,rock,u2,80s,All I Want Is You,U2
2.2M,420.4K,4:27,rock,female+vocalists,90s,Head Over Feet,Alanis Morissette
3.1M,590.1K,5:29,britpop,rock,90s,Some Might Say,Oasis
2.1M,402.5K,4:02,rock,pop,dance,Hella Good,No Doubt
2.4M,396K,4:34,classic+rock,rock,hard+rock,Send Me An Angel,Scorpions
5.7M,708.4K,3:00,nu+metal,rock,alternative+rock,From the Inside,Linkin Park
7.1M,932K,3:40,indie,indie+rock,rock,Helicopter,Bloc Party
3.2M,513.9K,3:28,rock,alternative+rock,alternative,Paralyzer,Finger Eleven
1.4M,296.7K,5:54,80s,rock,hard+rock,Hysteria,Def Leppard
2.4M,439.8K,4:23,rock,alternative+rock,staind,So Far Away,Staind
4.2M,587K,3:23,rock,alternative+rock,hard+rock,Pain,Three Days Grace
4.2M,634.5K,3:29,80s,new+wave,rock,Golden Brown,The Stranglers
3.8M,467.7K,4:17,alternative+rock,rock,alternative,Dig,Incubus
2.8M,511.7K,4:53,britpop,rock,90s,Lucky Man,The Verve
4.1M,678.5K,3:05,classic+rock,folk+rock,singer-songwriter,Heart of Gold,Neil Young
4.8M,822.8K,2:39,classic+rock,60s,folk+rock,For What It&#39;s Worth,Buffalo Springfield
3.9M,643K,2:34,rock,classic+rock,60s,With a Little Help from My Friends,The Beatles
1.8M,377.2K,4:12,female+vocalists,rock,90s,Bitch,Meredith Brooks
3.7M,585.9K,5:05,progressive+rock,classic+rock,rock,Tom Sawyer,Rush
4.6M,676.6K,4:05,60s,classic+rock,psychedelic,Strawberry Fields Forever,The Beatles
1.8M,392.7K,4:48,rock,classic+rock,80s,So Lonely,The Police
2.1M,401.6K,4:24,rock,classic+rock,progressive+rock,Solsbury Hill,Peter Gabriel
8.3M,865.5K,2:50,indie+rock,indie,british,Brianstorm,Arctic Monkeys
4.5M,718.1K,4:35,classic+rock,hard+rock,rock,Ramble On,Led Zeppelin
1.3M,300.5K,3:58,rock,classic+rock,80s,I Can&#39;t Dance,Genesis
3M,446.3K,4:38,gothic+rock,rock,gothic,Tourniquet,Evanescence
1.7M,371.7K,4:15,rock,80s,classic+rock,Glory Days,Bruce Springsteen
2.4M,514.9K,3:21,cover,rock,funk+rock,Higher Ground,Red Hot Chili Peppers
1.9M,400.1K,5:32,80s,rock,classic+rock,China Girl,David Bowie
5.2M,801.9K,4:05,alternative,instrumental,rock,Life in Technicolor,Coldplay
4.1M,709K,2:18,rock,60s,classic+rock,Love Me Do,The Beatles
8M,1M,4:59,alternative,alternative+rock,rock,Let Down,Radiohead
5M,609K,6:43,metal,heavy+metal,hard+rock,Whiskey in the Jar,Metallica
2.1M,427.3K,4:50,classic+rock,rock,70s,Miss You,The Rolling Stones
4.7M,549.5K,3:29,alternative+rock,rock,three+days+grace,Never Too Late,Three Days Grace
2.2M,528.1K,5:49,classic+rock,70s,rock,Maggie May,Rod Stewart
2.9M,491K,3:25,rock,garage+rock,indie,Tick Tick Boom,The Hives
3.5M,663.8K,3:37,indie,indie+rock,rock,Everyday I Love You Less and Less,Kaiser Chiefs
8M,811.9K,3:40,rock,pop+punk,female+vocalists,That&#39;s What You Get,Paramore
1.6M,331.5K,3:52,rock,alternative+rock,hard+rock,Too Bad,Nickelback
1.7M,324.6K,4:21,rock,80s,hard+rock,She Sells Sanctuary,The Cult
2.5M,397.3K,3:14,rock,indie,the+oc,California,Phantom Planet
1.2M,263.6K,6:08,rock,u2,80s,Bad,U2
5.2M,691.8K,5:00,alternative+rock,rock,alternative,Invincible,Muse
1.6M,322.3K,3:45,rock,lenny+kravitz,alternative,Again,Lenny Kravitz
2.9M,533.8K,3:17,alternative,rock,indie,Hands Open,Snow Patrol
1.9M,290.9K,3:42,rock,alternative+rock,female+vocalists,Lords of the Boards,Guano Apes
6.1M,779.6K,3:50,progressive+rock,psychedelic+rock,classic+rock,Brain Damage,Pink Floyd
6.1M,697.8K,3:08,rock,emo,alternative,I&#39;m Not Okay (I Promise),My Chemical Romance
2.4M,549.8K,8:17,classic+rock,psychedelic,rock,Voodoo Child (Slight Return),Jimi Hendrix
1.9M,472.7K,3:26,classic+rock,psychedelic+rock,rock,Hey Joe,The Jimi Hendrix Experience
5M,704.5K,3:04,nu+metal,rock,alternative+rock,Runaway,Linkin Park
4.9M,756.4K,5:31,rock,alternative,britpop,Warning Sign,Coldplay
5.6M,892.1K,4:17,punk+rock,punk,rock,Self Esteem,The Offspring
4.3M,622.7K,2:29,grunge,rock,90s,Them Bones,Alice in Chains
1.8M,409.7K,4:01,classic+rock,60s,progressive+rock,A Whiter Shade of Pale,Procol Harum
6.9M,992.5K,4:38,nu+metal,metal,hard+rock,Down With the Sickness,Disturbed
3.1M,581.8K,3:17,rock,indie,alternative,Shut Your Eyes,Snow Patrol
4.4M,443.1K,4:27,rock,alternative+rock,nu+metal,New Divide,Linkin Park
5.6M,812.9K,3:09,alternative+metal,metal,system+of+a+down,Hypnotize,System of a Down
4.1M,534.9K,7:19,alternative+rock,rock,progressive+rock,Citizen Erased,Muse
2.2M,408K,3:53,90s,rock,alternative,Mmm Mmm Mmm Mmm,Crash Test Dummies
4.5M,577.8K,3:33,industrial,industrial+rock,rock,The Hand That Feeds,Nine Inch Nails
1.5M,431.6K,2:27,classic+rock,60s,rock,For Your Love,The Yardbirds
1.5M,309K,8:13,rock,classic+rock,80s,Private Investigations,Dire Straits
2.8M,481.7K,3:51,80s,rock,classic+rock,Ashes to Ashes,David Bowie
2.1M,311K,3:05,rock,gothic+rock,female+vocalists,Sweet Sacrifice,Evanescence
3.1M,557.1K,5:15,rock,alternative+rock,alternative,Stadium Arcadium,Red Hot Chili Peppers
3.5M,661.9K,4:03,indie+rock,indie,rock,Midnight Show,The Killers
3.3M,574.9K,5:08,britpop,rock,british,Morning Glory,Oasis
1.9M,395.3K,4:30,rock,90s,alternative,Drive,R.E.M.
2.7M,392.6K,5:27,gothic+rock,rock,evanescence,Whisper,Evanescence
3.7M,654.9K,3:04,60s,classic+rock,rock,Ticket to Ride,The Beatles
2.8M,536.6K,4:04,rock,alternative,80s,It&#39;s the End of the World as We Know It (and I Feel Fine),R.E.M.
1.8M,349.4K,8:15,hard+rock,rock,classic+rock,Let There Be Rock,AC/DC
2.8M,515.8K,5:38,classic+rock,rock,hard+rock,The Battle of Evermore,Led Zeppelin
3M,577K,4:42,grunge,rock,alternative+rock,Fell on Black Days,Soundgarden
797K,244.3K,17:05,psychedelic+rock,classic+rock,60s,In-A-Gadda-Da-Vida,Iron Butterfly
6.5M,928.1K,3:54,alternative,alternative+rock,rock,Just,Radiohead
3.3M,661.2K,5:09,alternative+rock,rock,political,Bullet in the Head,Rage Against the Machine
1.3M,311.5K,4:59,rock,80s,new+wave,King of Pain,The Police
3M,511.1K,4:20,new+wave,80s,post-punk,Psycho Killer,Talking Heads
1.3M,291K,6:38,rock,90s,u2,Even Better Than the Real Thing,U2
1.3M,375.3K,2:46,classic+rock,rock,60s,Substitute,The Who
3.6M,539.4K,3:38,grunge,rock,90s,You Know You&#39;re Right,Nirvana
2.1M,433.9K,5:43,rock,alternative+rock,hard+rock,Shadow on the Sun,Audioslave
8.6M,1.2M,7:44,electronic,alternative,dance,DARE,Gorillaz
6M,875.4K,5:51,classic+rock,rock,70s,(Don&#39;t Fear) The Reaper,Blue √ñyster Cult
4.4M,712.5K,4:25,rock,alternative,alternative+rock,The Hardest Part,Coldplay
2.4M,479.3K,6:23,classic+rock,70s,rock,Black Betty,Ram Jam
4.2M,778.7K,3:09,80s,new+wave,pop,Heart of Glass,Blondie
1.7M,376.5K,3:59,classic+rock,rock,80s,Gimme All Your Lovin&#39;,ZZ Top
10.5M,1M,4:47,alternative,alternative+rock,rock,Nude,Radiohead
4M,681.7K,2:13,punk,punk+rock,70s,Blitzkrieg Bop,Ramones
1.5M,367.6K,3:50,classic+rock,80s,rock,Got My Mind Set on You,George Harrison
3.8M,672.3K,6:56,80s,pop,female+vocalists,Total Eclipse of the Heart,Bonnie Tyler
3M,505.2K,3:18,pop,pop+rock,kelly+clarkson,Behind These Hazel Eyes,Kelly Clarkson
3M,560.8K,3:21,rock,alternative+rock,grunge,Breakout,Foo Fighters
10.5M,1M,4:50,alternative,alternative+rock,indie,Reckoner,Radiohead
11.6M,1.2M,3:26,post-punk,new+wave,80s,Love Will Tear Us Apart,Joy Division
2.2M,420.5K,4:03,grunge,90s,rock,Hunger Strike,Temple of the Dog
1.5M,329.7K,4:20,classic+rock,progressive+rock,rock,Locomotive Breath,Jethro Tull
1.7M,394.4K,3:22,80s,classic+rock,rock,Keep on Loving You,REO Speedwagon
2.8M,436K,3:06,cover,rock,90s,Easy,Faith No More
1.9M,398.4K,4:26,hard+rock,rock,stoner+rock,Dimension,Wolfmother
1.3M,246K,4:44,classic+rock,70s,rock,Lady in Black,Uriah Heep
3.8M,614.3K,3:31,alternative+rock,rock,alternative,Wish You Were Here,Incubus
2.1M,416.2K,4:08,hard+rock,rock,velvet+revolver,Slither,Velvet Revolver
3.6M,575.5K,4:05,indie+rock,rock,indie,Sam&#39;s Town,The Killers
5.1M,699.7K,3:54,heavy+metal,metal,iron+maiden,Run to the Hills,Iron Maiden
3.2M,518K,3:09,grunge,90s,rock,Last Kiss,Pearl Jam
5.6M,940.6K,4:05,pop,female+vocalists,90s,Torn,Natalie Imbruglia
2.1M,515.7K,3:28,classic+rock,hard+rock,rock,School&#39;s Out,Alice Cooper
4.1M,626.9K,6:13,industrial,industrial+rock,rock,Hurt,Nine Inch Nails
2.6M,548.5K,1:27,80s,pop,rock,Purple Rain,Prince
957.9K,214.1K,3:50,rock,80s,pop,Suicide Blonde,INXS
4.7M,719.3K,4:14,classic+rock,70s,fleetwood+mac,Dreams,Fleetwood Mac
4.2M,680.8K,4:06,rock,indie+rock,alternative,Crawl,Kings of Leon
1.3M,291.6K,4:17,rock,pop,funk,I Belong to You,Lenny Kravitz
5M,580.1K,5:47,alternative+rock,rock,30+seconds+to+mars,Kings and Queens,30 Seconds to Mars
3.6M,641.3K,4:33,90s,rock,alternative,Closing Time,Semisonic
2.4M,582.6K,3:55,blues,blues+rock,classic+rock,Red House,Jimi Hendrix
4M,741.2K,3:14,indie+rock,rock,indie,"Andy, You&#39;re a Star",The Killers
3.4M,430.2K,3:32,rock,pop,pop+rock,Nobody&#39;s Home,Avril Lavigne
1.7M,385.4K,4:12,rock,classic+rock,70s,Now I&#39;m Here,Queen
5.5M,727.1K,3:20,nu+metal,rock,alternative+rock,Points of Authority,Linkin Park
2.6M,384.1K,4:23,rock,alternative+rock,90s,Midlife Crisis,Faith No More
3M,407.2K,23:31,progressive+rock,psychedelic+rock,psychedelic,Echoes,Pink Floyd
2.6M,522.3K,4:33,rock,alternative,indie,You&#39;re All I Have,Snow Patrol
4.9M,734.1K,3:21,alternative,rock,alternative+rock,Cemeteries of London,Coldplay
4.9M,680.6K,3:55,alternative,rock,alternative+rock,Lost!,Coldplay
7.4M,1.1M,4:44,alternative,alternative+rock,rock,Airbag,Radiohead
3.3M,499.2K,3:28,emo,rock,alternative,The Taste of Ink,The Used
1.4M,320.4K,5:23,female+vocalists,rock,90s,If It Makes You Happy,Sheryl Crow
3.8M,708.9K,3:37,funk+rock,rock,alternative,Suck My Kiss,Red Hot Chili Peppers
1.7M,362.5K,4:21,alternative+rock,rock,alternative,Loser,3 Doors Down
1.4M,358.6K,2:35,60s,classic+rock,oldies,Wild Thing,The Troggs
2.2M,428.8K,3:16,hard+rock,rock,classic+rock,Yesterdays,Guns N&#39; Roses
2.7M,404.8K,6:07,alternative,lifehouse,rock,Everything,Lifehouse
3.9M,568.3K,3:17,alternative,rock,alternative+rock,You and Me,Lifehouse
5.8M,954.5K,3:25,pop,james+blunt,love,You&#39;re Beautiful,James Blunt
2.5M,454.7K,4:30,classic+rock,hard+rock,rock,Helter Skelter,The Beatles
5.8M,747.2K,5:01,alternative+rock,rock,progressive+rock,Butterflies and Hurricanes,Muse
1.9M,377.1K,3:59,rock,90s,female+vocalists,You Learn,Alanis Morissette
5.7M,878.9K,2:58,punk+rock,punk,pop+punk,Fat Lip,Sum 41
1.5M,386K,5:19,classic+rock,rock,latin,Black Magic Woman,Santana
2.4M,282.3K,4:01,indie,rock,swedish,Dance With Somebody,Mando Diao
4.1M,518.4K,5:15,alternative+rock,alternative,rock,Special Needs,Placebo
1.3M,269.5K,4:02,hard+rock,rock,80s,Animal,Def Leppard
3.6M,630.2K,5:10,psychedelic,60s,classic+rock,Venus in Furs,The Velvet Underground
1.4M,261.4K,5:27,rock,alternative+rock,irish,Promises,The Cranberries
1.8M,374.8K,3:47,hard+rock,classic+rock,rock,Ain&#39;t Talkin&#39; &#39;Bout Love,Van Halen
4.1M,537.7K,4:05,alternative+rock,progressive+rock,rock,Judith,A Perfect Circle
1.4M,357.2K,5:56,classic+rock,rock,60s,With A Little Help From My Friends,Joe Cocker
1.4M,319.5K,3:51,rock,alternative+rock,90s,I Alone,Live
1.9M,374.5K,3:19,rock,classic+rock,80s,Hungry Heart,Bruce Springsteen
1.6M,336.6K,5:10,rock,classic+rock,hard+rock,Angel,Aerosmith
1.5M,316.1K,3:55,rock,classic+rock,hard+rock,Pink,Aerosmith
2.6M,496.9K,4:21,rock,alternative+rock,hard+rock,Home,Three Days Grace
5.9M,645.5K,6:56,thrash+metal,metal,heavy+metal,Fade to Black,Metallica
3M,576.5K,3:08,alternative+rock,rock,hard+rock,Just Like You,Three Days Grace
3.1M,427.9K,4:29,alternative+rock,rock,30+seconds+to+mars,The Fantasy,30 Seconds to Mars
3.2M,657.4K,3:49,indie+rock,indie,rock,Jacqueline,Franz Ferdinand
4.1M,643K,3:55,rock,alternative,alternative+rock,Over My Head (Cable Car),The Fray
4.8M,662.2K,3:31,alternative+rock,rock,alternative,Assassin,Muse
6.3M,851.5K,3:31,indie,british,indie+rock,Ooh La,The Kooks
5.1M,774.4K,3:30,progressive+rock,classic+rock,psychedelic+rock,On the Run,Pink Floyd
6.1M,709.6K,3:20,alternative,rock,emo,Lying Is the Most Fun a Girl Can Have Without Taking Her Clothes Off,Panic! at the Disco
2.8M,456.7K,12:30,classic+rock,hard+rock,progressive+rock,No Quarter,Led Zeppelin
1.1M,259.6K,4:54,instrumental,classic+rock,rock,Samba Pa Ti,Santana
4.3M,800.8K,4:21,80s,new+wave,pop,Don&#39;t You (Forget About Me),Simple Minds
7.7M,1M,2:49,indie,indie+rock,british,She Moves in Her Own Way,The Kooks
3.1M,640.9K,5:37,rock,alternative+rock,metal,Take the Power Back,Rage Against the Machine
2.5M,420K,3:07,rock,alternative+rock,hard+rock,Animals,Nickelback
4.7M,730.4K,3:07,indie,indie+rock,alternative,Gold Lion,Yeah Yeah Yeahs
2.4M,494.8K,3:11,classic+rock,70s,fleetwood+mac,Don&#39;t Stop,Fleetwood Mac
2.8M,527.3K,3:10,punk,garage+rock,proto-punk,I Wanna Be Your Dog,The Stooges
2.6M,439.2K,4:54,alternative+rock,rock,alternative,Megalomaniac,Incubus
1.9M,413.5K,5:17,rock,alternative+rock,creed,Higher,Creed
2.1M,368.6K,3:48,rock,alternative,alternative+rock,Unwell,Matchbox Twenty
4M,596.3K,4:48,alternative+rock,rock,alternative,City of Delusion,Muse
2.6M,478.7K,3:27,alternative+rock,rock,hard+rock,Remedy,Seether
4.6M,734.1K,3:01,rock,indie+rock,alternative,Notion,Kings of Leon
3.8M,667.3K,8:32,classic+rock,70s,folk,American Pie,Don McLean
3.1M,504.7K,4:05,rock,alternative+rock,grunge,Let It Die,Foo Fighters
3.7M,474K,3:38,rock,alternative,fall+out+boy,I Don&#39;t Care,Fall Out Boy
1.2M,246.6K,4:21,classic+rock,rock,80s,In The Army Now,Status Quo
7.2M,919.6K,5:27,indie+rock,indie,british,A Certain Romance,Arctic Monkeys
2.2M,446K,4:24,classic+rock,rock,70s,Beast of Burden,The Rolling Stones
6.3M,659K,5:47,alternative+rock,rock,alternative,Resistance,Muse
3.3M,495.2K,2:51,rock,alternative,alternative+rock,Foxtrot Uniform Charlie Kilo,Bloodhound Gang
2.3M,404.6K,3:09,soundtrack,rock,pulp+fiction,"Girl, You&#39;ll Be a Woman Soon",Urge Overkill
4.2M,704.9K,1:00,rock,pop,pop+rock,Sk8er Boi,Avril Lavigne
8.5M,918.2K,2:43,indie+rock,indie,british,Teddy Picker,Arctic Monkeys
3.8M,565.1K,3:21,rock,indie+rock,indie,On Call,Kings of Leon
5.6M,634.3K,6:47,progressive+metal,progressive+rock,metal,Schism,Tool
2.5M,312.1K,4:13,rock,alternative+rock,nickelback,Gotta Be Somebody,Nickelback
3.6M,581.4K,1:18,classic+rock,rock,60s,Sgt. Pepper&#39;s Lonely Hearts Club Band,The Beatles
4.9M,716.9K,3:31,alternative+metal,metal,rock,Violent Pornography,System of a Down
3.3M,536.7K,4:22,progressive+rock,classic+rock,rock,Run Like Hell,Pink Floyd
2.1M,354.4K,3:31,rock,alternative,female+vocalists,Animal Instinct,The Cranberries
4.2M,620.6K,3:40,alternative+rock,alternative,rock,Sweetness,Jimmy Eat World
5.7M,888.8K,5:06,classic+rock,70s,rock,Mr. Blue Sky,Electric Light Orchestra
1.7M,374.9K,3:53,rock,80s,alternative,Orange Crush,R.E.M.
2M,333.5K,4:10,rock,80s,pop,Maria,Blondie
1.7M,371.3K,3:54,classic+rock,rock,70s,Crazy on You,Heart
1.9M,393.1K,5:25,rock,alternative+rock,90s,Lightning Crashes,Live
3M,467.8K,2:36,rock,80s,classic+rock,I&#39;m on Fire,Bruce Springsteen
3M,482.5K,4:54,grunge,rock,90s,Better Man,Pearl Jam
2M,366.3K,3:50,rock,hard+rock,80s,Runaway,Bon Jovi
4M,567.4K,5:08,progressive+rock,classic+rock,psychedelic+rock,Have a Cigar,Pink Floyd
5.1M,722.1K,3:25,progressive+rock,psychedelic+rock,classic+rock,Any Colour You Like,Pink Floyd
2.7M,562.8K,3:25,rap,linkin+park,rock,Numb/Encore,Jay-Z and Linkin Park
4.1M,666.4K,3:47,rock,alternative,indie+rock,Be Somebody,Kings of Leon
3.5M,484K,4:53,progressive+rock,classic+rock,rock,Learning to Fly,Pink Floyd
7.4M,799.3K,3:35,indie,indie+rock,alternative,Evil,Interpol
2.5M,474.5K,5:20,hard+rock,classic+rock,rock,Detroit Rock City,Kiss
1.3M,239.5K,3:32,progressive+rock,80s,rock,Kayleigh,Marillion
1.1M,256K,4:32,rock,classic+rock,u2,Bullet the Blue Sky,U2
3.2M,472.3K,3:01,alternative+rock,rock,emo,Pain,Jimmy Eat World
3M,560.9K,3:33,rock,alternative+rock,funk,Hump de Bump,Red Hot Chili Peppers
4.6M,476.7K,4:33,alternative+rock,rock,30+seconds+to+mars,Closer to the Edge,30 Seconds to Mars
4.1M,682.1K,6:32,classic+rock,rock,blues,Little Wing,Jimi Hendrix
4.8M,829.3K,4:06,pop,maroon+5,rock,Sunday Morning,Maroon 5
2.2M,465.3K,3:29,classic+rock,70s,rock,Take It Easy,Eagles
6M,1M,4:29,classic+rock,60s,rock,The House of the Rising Sun,The Animals
1.3M,295.8K,4:21,rock,hard+rock,classic+rock,Rag Doll,Aerosmith
1.3M,271.7K,4:38,rock,90s,u2,Until the End of the World,U2
1.8M,342.6K,4:45,rock,heavy+metal,classic+rock,Dreamer,Ozzy Osbourne
3.2M,517.4K,5:56,britpop,rock,oasis,Stand By Me,Oasis
4.4M,635.7K,3:32,indie,indie+rock,rock,For Reasons Unknown,The Killers
2.7M,515.5K,4:39,classic+rock,hard+rock,rock,Misty Mountain Hop,Led Zeppelin
2.9M,481K,3:09,rock,soundtrack,love,Accidentally in Love,Counting Crows
1.2M,259.6K,5:56,rock,ballad,bryan+adams,Please Forgive Me,Bryan Adams
1.3M,216.3K,4:19,rock,pop,romantic,I&#39;ll Be Waiting,Lenny Kravitz
3.4M,603.4K,2:21,classic+rock,rock,60s,She Loves You,The Beatles
3.2M,611.8K,2:11,rock,alternative+rock,90s,Big Me,Foo Fighters
3.1M,458.1K,4:01,stoner+rock,alternative+rock,rock,In My Head,Queens of the Stone Age
5.4M,844K,3:27,punk+rock,rock,punk,In Too Deep,Sum 41
3.1M,559K,4:26,rock,alternative+rock,hard+rock,Headstrong,Trapt
6.8M,671K,3:19,punk+rock,rock,melodic+hardcore,Prayer of the Refugee,Rise Against
3.2M,438.9K,3:18,alternative+rock,rock,female+vocalists,All Around Me,Flyleaf
1.1M,275.8K,3:04,rock,alternative+rock,theory+of+a+deadman,Say Goodbye,Theory of a Deadman
5.6M,704.1K,2:55,nu+metal,rock,alternative+rock,Lying from You,Linkin Park
1.6M,392.7K,3:03,classic+rock,rock,60s,Honky Tonk Women,The Rolling Stones
3.6M,645.4K,4:47,rock,alternative,alternative+rock,Square One,Coldplay
3.2M,532.1K,4:36,singer-songwriter,rock,alternative+rock,Last Goodbye,Jeff Buckley
1.7M,356.5K,3:54,sting,rock,soft+rock,Fragile,Sting
5.3M,741.3K,2:13,progressive+rock,psychedelic+rock,classic+rock,Eclipse,Pink Floyd
3.8M,611.6K,3:31,pop,pop+rock,rock,Makes Me Wonder,Maroon 5
2.7M,458.9K,4:20,alternative+rock,rock,alternative,Ava Adore,The Smashing Pumpkins
3.6M,635.2K,5:28,alternative,rock,britpop,White Shadows,Coldplay
5.3M,831.7K,3:43,rock,alternative,britpop,Green Eyes,Coldplay
2.2M,436.4K,2:57,rock,alternative+rock,alternative,Crawling in the Dark,Hoobastank
4M,647.2K,3:37,classic+rock,70s,rock,A Horse With No Name,America
4.7M,810.3K,3:08,pop,female+vocalists,kelly+clarkson,Since U Been Gone,Kelly Clarkson
1.7M,366.1K,5:23,80s,female+vocalists,rock,Love Is a Battlefield,Pat Benatar
2.4M,449.6K,4:25,grunge,90s,rock,Glycerine,Bush
1.5M,398K,3:31,classic+rock,reggae,rock,I Shot The Sheriff,Eric Clapton
3.5M,578.7K,3:45,alternative+rock,rock,alternative,Pardon Me,Incubus
2.3M,199.7K,4:19,alternative+rock,rock,alternative,Carnival of Rust,Poets of the Fall
1.6M,315.5K,4:08,rock,classic+rock,80s,Friends Will Be Friends,Queen
2.2M,386.8K,5:51,4+stars,classic+rock,hard+rock,All My Love,Led Zeppelin
2.3M,489.8K,3:33,60s,classic+rock,rock,Sunny Afternoon,The Kinks
8.1M,989.6K,3:50,indie,indie+rock,alternative,Soul Meets Body,Death Cab for Cutie
4.1M,699.3K,2:39,classic+rock,70s,rock,Have You Ever Seen the Rain,Creedence Clearwater Revival
2.1M,375.4K,3:27,rock,alternative+rock,daughtry,Over You,Daughtry
4M,628.5K,4:40,alternative+rock,rock,alternative,Falling Away With You,Muse
2.4M,427.3K,3:30,grunge,rock,alternative+rock,Daughter,Pearl Jam
4.3M,484.8K,3:28,punk+rock,rock,alternative+rock,Fallen Leaves,Billy Talent
2.2M,479.1K,4:40,rock,alternative+rock,hard+rock,Gasoline,Audioslave
4.4M,610.8K,4:59,metal,rock,alternative+rock,Change (In the House of Flies),Deftones
3.7M,648.4K,2:59,indie+rock,indie,rock,Here It Goes Again,OK Go
4.7M,761.9K,3:43,80s,pop,new+wave,Down Under,Men at Work
2M,384.9K,3:16,80s,rock,new+wave,Dancing with Myself,Billy Idol
3M,497K,5:22,rock,singer-songwriter,alternative+rock,Grace,Jeff Buckley
4.2M,805.5K,2:23,grunge,rock,90s,Territorial Pissings,Nirvana
6.7M,926.6K,3:47,indie+rock,rock,indie,Hard to Explain,The Strokes
3.2M,631.8K,3:16,alternative+rock,alternative,rock,Beverly Hills,Weezer
2.9M,483.5K,4:42,classic+rock,rock,70s,Over the Hills and Far Away,Led Zeppelin
3.9M,576.9K,3:49,alternative+rock,rock,alternative,Endlessly,Muse
2.6M,395.7K,3:53,rock,pop,pop+rock,Losing Grip,Avril Lavigne
5.3M,846.3K,3:54,rock,rapcore,alternative,Guerrilla Radio,Rage Against the Machine
2.5M,306.2K,3:36,love+metal,cover,rock,Wicked Game,HIM
1M,221K,4:01,rock,90s,cover,Cats in the Cradle,Ugly Kid Joe
2.6M,550.6K,2:40,classic+rock,rock,southern+rock,Up Around the Bend,Creedence Clearwater Revival
3.1M,475.1K,3:15,indie,rock,indie+rock,Jerk It Out,Caesars
8.8M,1.1M,4:24,alternative,alternative+rock,melancholy,Exit Music (for a Film),Radiohead
2.6M,537.4K,3:05,classic+rock,psychedelic+rock,60s,Strange Days,The Doors
2.3M,509.3K,4:04,classic+rock,70s,glam+rock,All the Young Dudes,Mott the Hoople
2.9M,457.8K,3:06,gothic+rock,rock,female+vocalists,Haunted,Evanescence
3.5M,757.6K,3:13,classic+rock,rock,psychedelic+rock,Foxy Lady,Jimi Hendrix
2.7M,491.4K,3:54,nu+metal,rock,alternative+rock,Between Angels And Insects,Papa Roach
2.3M,455K,4:03,classic+rock,70s,rock,Don&#39;t Bring Me Down,Electric Light Orchestra
3.5M,635.3K,2:23,alternative,80s,alternative+rock,Blister In The Sun,Violent Femmes
5.5M,814.3K,4:36,alternative+rock,alternative,rock,My Iron Lung,Radiohead
3.7M,582.5K,5:32,progressive+rock,classic+rock,rock,Mother,Pink Floyd
2.1M,417.1K,4:04,80s,classic+rock,rock,Rosanna,Toto
1.6M,328.3K,5:35,rock,classic+rock,80s,Your Latest Trick,Dire Straits
1.6M,276.7K,4:02,alternative+rock,rock,alternative,Push It,Garbage
3.6M,616.7K,3:24,classic+rock,70s,rock,Stuck in the Middle With You,Stealers Wheel
2.9M,596.3K,4:06,grunge,alternative+rock,rock,Spoonman,Soundgarden
2M,374.9K,3:23,nu+metal,rock,alternative,Alive,P.O.D.
3.3M,423.9K,3:23,pop,rock,pop+rock,Hot,Avril Lavigne
3.5M,573.6K,3:27,classic+rock,rock,60s,Oh! Darling,The Beatles
808.1K,170.9K,5:23,rock,classic+rock,meat+loaf,I&#39;d Do Anything for Love (But I Won&#39;t Do That),Meat Loaf
1.5M,355.5K,9:35,classic+rock,rock,70s,Slow Ride,Foghat
2.4M,496K,3:34,indie,indie+rock,rock,Oh My God,Kaiser Chiefs
2.5M,443.6K,4:43,alternative+rock,rock,alternative,Nice To Know You,Incubus
3.5M,605.2K,2:45,classic+rock,rock,60s,Back in the U.S.S.R.,The Beatles
1M,221.4K,4:29,rock,90s,u2,The Fly,U2
2M,403K,3:30,rock,garage+rock,indie,Walk Idiot Walk,The Hives
2.9M,512.4K,2:03,rock,comedy,funny,Fuck Her Gently,Tenacious D
4M,507.8K,4:06,rock,alternative+rock,progressive+rock,The Outsider,A Perfect Circle
3.9M,653.9K,5:51,rock,alternative,britpop,A Rush of Blood to the Head,Coldplay
5.4M,779.8K,2:56,alternative+metal,metal,rock,ATWA,System of a Down
5.6M,729.7K,4:44,indie,indie+rock,rock,Spaceman,The Killers
3.8M,669K,6:56,grunge,rock,90s,Where Did You Sleep Last Night,Nirvana
2.7M,410.6K,3:49,gothic+rock,rock,evanescence,Taking Over Me,Evanescence
3.2M,693.7K,2:30,rock+n+roll,classic+rock,oldies,Jailhouse Rock,Elvis Presley
4.1M,712.8K,2:50,classic+rock,60s,rock,Penny Lane,The Beatles
1.2M,276.5K,3:40,80s,rock,pop,New Sensation,INXS
1.5M,280.9K,4:31,female+vocalists,rock,alternative,Hands Clean,Alanis Morissette
2.7M,478.6K,5:02,rock,alternative+rock,alternative,Desecration Smile,Red Hot Chili Peppers
